{
  "generatedAt": "2026-06-05T12:26:10.265Z",
  "budget": 500000,
  "referenceBudget": 8000000,
  "refDimensions": {
    "H": 120,
    "Rt": 70,
    "Rb": 45
  },
  "rows": [
    {
      "styleId": "SuperformulaBlossom",
      "triangleCount": 497520,
      "vertexCount": 253845,
      "referenceTriangleCount": 6652964,
      "maxSagMm": 35.407140798752586,
      "rmsSagMm": 8.47656248068273,
      "sagReferenceBinThetaRad": 0.008726646259971648,
      "sagReferenceBinZmm": 0.3,
      "maxAspect3D": 74.15397329037052,
      "minAngleDeg": 0.6692117796851076,
      "sliverCount": 0,
      "boundaryEdges": 0,
      "nonManifoldEdges": 0,
      "orientationMismatches": 0,
      "featuresExpected": 0,
      "featuresPresent": 0,
      "featuresDropped": 0
    },
    {
      "styleId": "FourierBloom",
      "triangleCount": 513958,
      "vertexCount": 264574,
      "referenceTriangleCount": 6507500,
      "maxSagMm": 45.7542822147215,
      "rmsSagMm": 7.824160606138714,
      "sagReferenceBinThetaRad": 0.008726646259971648,
      "sagReferenceBinZmm": 0.3,
      "maxAspect3D": 95.14119458363659,
      "minAngleDeg": 0.647237821771954,
      "sliverCount": 0,
      "boundaryEdges": 0,
      "nonManifoldEdges": 0,
      "orientationMismatches": 0,
      "featuresExpected": 29,
      "featuresPresent": 29,
      "featuresDropped": 0
    },
    {
      "styleId": "SuperellipseMorph",
      "triangleCount": 507748,
      "vertexCount": 261122,
      "referenceTriangleCount": 5976488,
      "maxSagMm": 40.233965592547555,
      "rmsSagMm": 8.190928580443234,
      "sagReferenceBinThetaRad": 0.008726646259971648,
      "sagReferenceBinZmm": 0.3,
      "maxAspect3D": 65.9091664731289,
      "minAngleDeg": 0.7532311504704358,
      "sliverCount": 0,
      "boundaryEdges": 0,
      "nonManifoldEdges": 0,
      "orientationMismatches": 0,
      "featuresExpected": 16,
      "featuresPresent": 16,
      "featuresDropped": 0
    },
    {
      "styleId": "HarmonicRipple",
      "triangleCount": 606598,
      "vertexCount": 309685,
      "referenceTriangleCount": 6615824,
      "maxSagMm": 44.15976010192006,
      "rmsSagMm": 7.176173690044051,
      "sagReferenceBinThetaRad": 0.008726646259971648,
      "sagReferenceBinZmm": 0.3,
      "maxAspect3D": 1217.6456760990432,
      "minAngleDeg": 0.042413965334588466,
      "sliverCount": 4265,
      "boundaryEdges": 0,
      "nonManifoldEdges": 0,
      "orientationMismatches": 3059,
      "featuresExpected": 84,
      "featuresPresent": 84,
      "featuresDropped": 0
    },
    {
      "styleId": "LowPolyFacet",
      "triangleCount": 504210,
      "vertexCount": 260180,
      "referenceTriangleCount": 2063636,
      "maxSagMm": 31.323475401466265,
      "rmsSagMm": 7.16268246212178,
      "sagReferenceBinThetaRad": 0.008726646259971648,
      "sagReferenceBinZmm": 0.3,
      "maxAspect3D": 5843578.543643078,
      "minAngleDeg": 0.000008831503268221697,
      "sliverCount": 20,
      "boundaryEdges": 0,
      "nonManifoldEdges": 0,
      "orientationMismatches": 0,
      "featuresExpected": 24,
      "featuresPresent": 24,
      "featuresDropped": 0
    },
    {
      "styleId": "GothicArches",
      "triangleCount": 1572052,
      "vertexCount": 913566,
      "referenceTriangleCount": 8347832,
      "maxSagMm": 35.47938668084234,
      "rmsSagMm": 4.962082553141533,
      "sagReferenceBinThetaRad": 0.008726646259971648,
      "sagReferenceBinZmm": 0.3,
      "maxAspect3D": 281375.1464616997,
      "minAngleDeg": 0.00017636368133216475,
      "sliverCount": 23704,
      "boundaryEdges": 0,
      "nonManifoldEdges": 0,
      "orientationMismatches": 31681,
      "featuresExpected": 1251,
      "featuresPresent": 1251,
      "featuresDropped": 0
    },
    {
      "styleId": "WaveInterference",
      "triangleCount": 564866,
      "vertexCount": 295989,
      "referenceTriangleCount": 6273284,
      "maxSagMm": 34.69831210682529,
      "rmsSagMm": 7.8678545489409535,
      "sagReferenceBinThetaRad": 0.008726646259971648,
      "sagReferenceBinZmm": 0.3,
      "maxAspect3D": 57308.98771570967,
      "minAngleDeg": 0.0008678629062189881,
      "sliverCount": 66,
      "boundaryEdges": 0,
      "nonManifoldEdges": 0,
      "orientationMismatches": 0,
      "featuresExpected": 98,
      "featuresPresent": 98,
      "featuresDropped": 0
    },
    {
      "styleId": "Crystalline",
      "triangleCount": 584940,
      "vertexCount": 307075,
      "referenceTriangleCount": 6664280,
      "maxSagMm": 42.09791767425402,
      "rmsSagMm": 6.400144110638672,
      "sagReferenceBinThetaRad": 0.008726646259971648,
      "sagReferenceBinZmm": 0.3,
      "maxAspect3D": 641.2641564266563,
      "minAngleDeg": 0.07797854383651194,
      "sliverCount": 62,
      "boundaryEdges": 0,
      "nonManifoldEdges": 0,
      "orientationMismatches": 0,
      "featuresExpected": 112,
      "featuresPresent": 112,
      "featuresDropped": 0
    },
    {
      "styleId": "ArtDeco",
      "triangleCount": 544312,
      "vertexCount": 283080,
      "referenceTriangleCount": 6090176,
      "maxSagMm": 34.6819176151144,
      "rmsSagMm": 7.814765911675877,
      "sagReferenceBinThetaRad": 0.008726646259971648,
      "sagReferenceBinZmm": 0.3,
      "maxAspect3D": 329.4585303819617,
      "minAngleDeg": 0.15074567593105803,
      "sliverCount": 9,
      "boundaryEdges": 0,
      "nonManifoldEdges": 0,
      "orientationMismatches": 0,
      "featuresExpected": 121,
      "featuresPresent": 121,
      "featuresDropped": 0
    },
    {
      "styleId": "DragonScales",
      "triangleCount": 559786,
      "vertexCount": 291237,
      "referenceTriangleCount": 6673076,
      "maxSagMm": 37.079616160376005,
      "rmsSagMm": 6.718753325657021,
      "sagReferenceBinThetaRad": 0.008726646259971648,
      "sagReferenceBinZmm": 0.3,
      "maxAspect3D": 3396.4927532392803,
      "minAngleDeg": 0.014671995645872698,
      "sliverCount": 83,
      "boundaryEdges": 0,
      "nonManifoldEdges": 0,
      "orientationMismatches": 722,
      "featuresExpected": 68,
      "featuresPresent": 68,
      "featuresDropped": 0
    },
    {
      "styleId": "BambooSegments",
      "triangleCount": 512388,
      "vertexCount": 263378,
      "referenceTriangleCount": 6073532,
      "maxSagMm": 41.38061390822308,
      "rmsSagMm": 8.374666859752903,
      "sagReferenceBinThetaRad": 0.008726646259971648,
      "sagReferenceBinZmm": 0.3,
      "maxAspect3D": 12442.441195403573,
      "minAngleDeg": 0.004009822440653326,
      "sliverCount": 46,
      "boundaryEdges": 0,
      "nonManifoldEdges": 0,
      "orientationMismatches": 0,
      "featuresExpected": 24,
      "featuresPresent": 24,
      "featuresDropped": 0
    },
    {
      "styleId": "BasketWeave",
      "triangleCount": 1499114,
      "vertexCount": 887767,
      "referenceTriangleCount": 6753392,
      "maxSagMm": 37.388697935731955,
      "rmsSagMm": 5.097931272940122,
      "sagReferenceBinThetaRad": 0.008726646259971648,
      "sagReferenceBinZmm": 0.3,
      "maxAspect3D": 262985.10442869883,
      "minAngleDeg": 0.00018868397582168752,
      "sliverCount": 17193,
      "boundaryEdges": 0,
      "nonManifoldEdges": 1,
      "orientationMismatches": 35481,
      "featuresExpected": 993,
      "featuresPresent": 993,
      "featuresDropped": 0
    },
    {
      "styleId": "GeometricStar",
      "triangleCount": 1596074,
      "vertexCount": 911696,
      "referenceTriangleCount": 8202644,
      "maxSagMm": 36.560753862038894,
      "rmsSagMm": 4.93408103788769,
      "sagReferenceBinThetaRad": 0.008726646259971648,
      "sagReferenceBinZmm": 0.3,
      "maxAspect3D": 723524.9936051149,
      "minAngleDeg": 0.00006884931475357611,
      "sliverCount": 31117,
      "boundaryEdges": 0,
      "nonManifoldEdges": 10,
      "orientationMismatches": 17488,
      "featuresExpected": 1584,
      "featuresPresent": 1584,
      "featuresDropped": 0
    },
    {
      "styleId": "HexagonalHive",