{
  "generatedAt": "2026-05-29T12:36:28.657Z",
  "budget": 500000,
  "referenceBudget": 8000000,
  "refDimensions": {
    "H": 120,
    "Rt": 70,
    "Rb": 45
  },
  "rows": [
    {
      "styleId": "SuperformulaBlossom",
      "triangleCount": 497515,
      "vertexCount": 253843,
      "referenceTriangleCount": 6652964,
      "maxSagMm": 62.09937262591475,
      "rmsSagMm": 8.172229724574729,
      "sagReferenceBinThetaRad": 0.008726646259971648,
      "sagReferenceBinZmm": 0.3,
      "maxAspect3D": 1975.9151815778453,
      "minAngleDeg": 0.027135926473193985,
      "sliverCount": 9,
      "boundaryEdges": 3,
      "nonManifoldEdges": 0,
      "orientationMismatches": 3243,
      "featuresExpected": 0,
      "featuresPresent": 0,
      "featuresDropped": 0
    },
    {
      "styleId": "FourierBloom",
      "triangleCount": 559277,
      "vertexCount": 287258,
      "referenceTriangleCount": 6507500,
      "maxSagMm": 69.66459508563858,
      "rmsSagMm": 7.859167304404543,
      "sagReferenceBinThetaRad": 0.008726646259971648,
      "sagReferenceBinZmm": 0.3,
      "maxAspect3D": 143874.13149686437,
      "minAngleDeg": 0.000689757171451431,
      "sliverCount": 1793,
      "boundaryEdges": 1527,
      "nonManifoldEdges": 11,
      "orientationMismatches": 7153,
      "featuresExpected": 29,
      "featuresPresent": 29,
      "featuresDropped": 0
    },
    {
      "styleId": "SpiralRidges",
      "triangleCount": 734222,
      "vertexCount": 373765,
      "referenceTriangleCount": 6630572,
      "maxSagMm": 45.81576788984671,
      "rmsSagMm": 6.934031981272938,
      "sagReferenceBinThetaRad": 0.008726646259971648,
      "sagReferenceBinZmm": 0.3,
      "maxAspect3D": 41109.67800029012,
      "minAngleDeg": 0.0012085186319564082,
      "sliverCount": 41834,
      "boundaryEdges": 507,
      "nonManifoldEdges": 33,
      "orientationMismatches": 1520,
      "featuresExpected": 91,
      "featuresPresent": 91,
      "featuresDropped": 0
    },
    {
      "styleId": "SuperellipseMorph",
      "triangleCount": 538827,
      "vertexCount": 276470,
      "referenceTriangleCount": 5976488,
      "maxSagMm": 68.42855080359442,
      "rmsSagMm": 7.816301170058958,
      "sagReferenceBinThetaRad": 0.008726646259971648,
      "sagReferenceBinZmm": 0.3,
      "maxAspect3D": 128979.76089498565,
      "minAngleDeg": 0.00038555608699703865,
      "sliverCount": 1066,
      "boundaryEdges": 11,
      "nonManifoldEdges": 0,
      "orientationMismatches": 3344,
      "featuresExpected": 16,
      "featuresPresent": 16,
      "featuresDropped": 0
    },
    {
      "styleId": "HarmonicRipple",
      "triangleCount": 789149,
      "vertexCount": 406825,
      "referenceTriangleCount": 6615824,
      "maxSagMm": 74.54706263933161,
      "rmsSagMm": 6.699003901447022,
      "sagReferenceBinThetaRad": 0.008726646259971648,
      "sagReferenceBinZmm": 0.3,
      "maxAspect3D": 555798.3049880621,
      "minAngleDeg": 0.0001785469128456929,
      "sliverCount": 46625,
      "boundaryEdges": 948,
      "nonManifoldEdges": 12,
      "orientationMismatches": 1981,
      "featuresExpected": 84,
      "featuresPresent": 84,
      "featuresDropped": 0
    },
    {
      "styleId": "LowPolyFacet",
      "triangleCount": 536139,
      "vertexCount": 277024,
      "referenceTriangleCount": 2063636,
      "maxSagMm": 53.87376805473936,
      "rmsSagMm": 6.806856660677666,
      "sagReferenceBinThetaRad": 0.008726646259971648,
      "sagReferenceBinZmm": 0.3,
      "maxAspect3D": 13803206.865836535,
      "minAngleDeg": 0.000004094554566467037,
      "sliverCount": 1433,
      "boundaryEdges": 88,
      "nonManifoldEdges": 1,
      "orientationMismatches": 3526,
      "featuresExpected": 24,
      "featuresPresent": 24,
      "featuresDropped": 0
    },
    {
      "styleId": "WaveInterference",
      "triangleCount": 919293,
      "vertexCount": 474604,
      "referenceTriangleCount": 6273284,
      "maxSagMm": 60.15690012120655,
      "rmsSagMm": 6.0280987632129035,
      "sagReferenceBinThetaRad": 0.008726646259971648,
      "sagReferenceBinZmm": 0.3,
      "maxAspect3D": 454455.7201325758,
      "minAngleDeg": 0.00010923632599545797,
      "sliverCount": 14325,
      "boundaryEdges": 353,
      "nonManifoldEdges": 3,
      "orientationMismatches": 3664,
      "featuresExpected": 98,
      "featuresPresent": 98,
      "featuresDropped": 0
    },
    {
      "styleId": "Crystalline",
      "triangleCount": 651317,
      "vertexCount": 338937,
      "referenceTriangleCount": 6664280,
      "maxSagMm": 51.269646370761485,
      "rmsSagMm": 6.906937231365564,
      "sagReferenceBinThetaRad": 0.008726646259971648,
      "sagReferenceBinZmm": 0.3,
      "maxAspect3D": 2735.9719950256967,
      "minAngleDeg": 0.01817285684595999,
      "sliverCount": 505,
      "boundaryEdges": 157,
      "nonManifoldEdges": 2,
      "orientationMismatches": 3407,
      "featuresExpected": 112,
      "featuresPresent": 112,
      "featuresDropped": 0
    },
    {
      "styleId": "ArtDeco",
      "triangleCount": 900736,
      "vertexCount": 461963,
      "referenceTriangleCount": 6090176,
      "maxSagMm": 62.73828169597195,
      "rmsSagMm": 5.815911500774148,
      "sagReferenceBinThetaRad": 0.008726646259971648,
      "sagReferenceBinZmm": 0.3,
      "maxAspect3D": 1828502.5541980285,
      "minAngleDeg": 0.000029600222730894734,
      "sliverCount": 1226,
      "boundaryEdges": 120,
      "nonManifoldEdges": 2,
      "orientationMismatches": 3031,
      "featuresExpected": 121,
      "featuresPresent": 121,
      "featuresDropped": 0
    },
    {
      "styleId": "DragonScales",
      "triangleCount": 848182,
      "vertexCount": 436407,
      "referenceTriangleCount": 6673076,
      "maxSagMm": 55.69305129877654,
      "rmsSagMm": 5.766160725263739,
      "sagReferenceBinThetaRad": 0.008726646259971648,
      "sagReferenceBinZmm": 0.3,
      "maxAspect3D": 94237.97748447543,
      "minAngleDeg": 0.0005265513558640453,
      "sliverCount": 1369,
      "boundaryEdges": 86,
      "nonManifoldEdges": 12,
      "orientationMismatches": 3050,
      "featuresExpected": 68,
      "featuresPresent": 68,
      "featuresDropped": 0
    },
    {
      "styleId": "BambooSegments",
      "triangleCount": 558214,
      "vertexCount": 289211,
      "referenceTriangleCount": 6073532,
      "maxSagMm": 68.07062022738262,
      "rmsSagMm": 8.309094165827664,
      "sagReferenceBinThetaRad": 0.008726646259971648,
      "sagReferenceBinZmm": 0.3,
      "maxAspect3D": 1500118.1128963304,
      "minAngleDeg": 0.000033969034457729983,
      "sliverCount": 3954,
      "boundaryEdges": 4684,
      "nonManifoldEdges": 41,
      "orientationMismatches": 28689,
      "featuresExpected": 24,
      "featuresPresent": 24,
      "featuresDropped": 0
    },
    {
      "styleId": "RippleInterference",
      "triangleCount": 766651,
      "vertexCount": 392538,
      "referenceTriangleCount": 6402584,
      "maxSagMm": 65.46664499814403,
      "rmsSagMm": 6.6722542367831315,
      "sagReferenceBinThetaRad": 0.008726646259971648,
      "sagReferenceBinZmm": 0.3,
      "maxAspect3D": 15905554.634779075,
      "minAngleDeg": 0.000004517745487845102,
      "sliverCount": 4818,
      "boundaryEdges": 225,
      "nonManifoldEdges": 14,
      "orientationMismatches": 3536,
      "featuresExpected": 106,
      "featuresPresent": 106,
      "featuresDropped": 0
    }
  ],
  "failures": [
    {
      "styleId": "GothicArches",
      "error": "page.evaluate: Error: Fidelity: under-test generateMesh returned null\n    at Object.measure (http://localhost:3001/src/fidelity/windowHook.ts?t=1780053434552:43:24)\n    at async <anonymous>:316:30"
    },
    {
      "styleId": "GyroidManifold",
      "error": "page.evaluate: Error: Fidelity: under-test generateMesh returned null\n    at Object.measure (http://localhost:3001/src/fidelity/windowHook.ts?t=1780053434552:43:24)\n    at async <anonymous>:316:30"
    },
    {
      "styleId": "Voronoi",