{
  "generatedAt": "2026-06-04T04:41:47.365Z",
  "budget": 500000,
  "referenceBudget": 8000000,
  "refDimensions": {
    "H": 120,
    "Rt": 70,
    "Rb": 45
  },
  "rows": [
    {
      "styleId": "SuperformulaBlossom",
      "triangleCount": 497512,
      "vertexCount": 253843,
      "referenceTriangleCount": 6652964,
      "maxSagMm": 35.40739077718918,
      "rmsSagMm": 7.9013904676133375,
      "sagReferenceBinThetaRad": 0.008726646259971648,
      "sagReferenceBinZmm": 0.3,
      "maxAspect3D": 130.16653744805154,
      "minAngleDeg": 0.38121103696027064,
      "sliverCount": 8,
      "boundaryEdges": 10,
      "nonManifoldEdges": 0,
      "orientationMismatches": 3244,
      "featuresExpected": 0,
      "featuresPresent": 0,
      "featuresDropped": 0
    },
    {
      "styleId": "FourierBloom",
      "triangleCount": 514922,
      "vertexCount": 264623,
      "referenceTriangleCount": 6507500,
      "maxSagMm": 45.72996609537269,
      "rmsSagMm": 7.31753132347261,
      "sagReferenceBinThetaRad": 0.008726646259971648,
      "sagReferenceBinZmm": 0.3,
      "maxAspect3D": 1290.5170937666558,
      "minAngleDeg": 0.03845146420916891,
      "sliverCount": 28,
      "boundaryEdges": 14,
      "nonManifoldEdges": 0,
      "orientationMismatches": 3022,
      "featuresExpected": 29,
      "featuresPresent": 29,
      "featuresDropped": 0
    },
    {
      "styleId": "SpiralRidges",
      "triangleCount": 619644,
      "vertexCount": 313913,
      "referenceTriangleCount": 6630572,
      "maxSagMm": 41.87733528300504,
      "rmsSagMm": 6.6462785182555555,
      "sagReferenceBinThetaRad": 0.008726646259971648,
      "sagReferenceBinZmm": 0.3,
      "maxAspect3D": 8936.487599096412,
      "minAngleDeg": 0.00555742351447032,
      "sliverCount": 22760,
      "boundaryEdges": 40,
      "nonManifoldEdges": 0,
      "orientationMismatches": 1270,
      "featuresExpected": 91,
      "featuresPresent": 91,
      "featuresDropped": 0
    },
    {
      "styleId": "SuperellipseMorph",
      "triangleCount": 508848,
      "vertexCount": 261333,
      "referenceTriangleCount": 5976488,
      "maxSagMm": 40.23007489861835,
      "rmsSagMm": 7.664320498292067,
      "sagReferenceBinThetaRad": 0.008726646259971648,
      "sagReferenceBinZmm": 0.3,
      "maxAspect3D": 128979.76089498565,
      "minAngleDeg": 0.00038555608699703865,
      "sliverCount": 44,
      "boundaryEdges": 10,
      "nonManifoldEdges": 0,
      "orientationMismatches": 3663,
      "featuresExpected": 16,
      "featuresPresent": 16,
      "featuresDropped": 0
    },
    {
      "styleId": "HarmonicRipple",
      "triangleCount": 619283,
      "vertexCount": 315142,
      "referenceTriangleCount": 6615824,
      "maxSagMm": 44.11052389008643,
      "rmsSagMm": 6.6260622014798125,
      "sagReferenceBinThetaRad": 0.008726646259971648,
      "sagReferenceBinZmm": 0.3,
      "maxAspect3D": 16462.138009004033,
      "minAngleDeg": 0.0030159175506331184,
      "sliverCount": 4589,
      "boundaryEdges": 41,
      "nonManifoldEdges": 0,
      "orientationMismatches": 1087,
      "featuresExpected": 84,
      "featuresPresent": 84,
      "featuresDropped": 0
    },
    {
      "styleId": "LowPolyFacet",
      "triangleCount": 504211,
      "vertexCount": 260172,
      "referenceTriangleCount": 2063636,
      "maxSagMm": 31.330934345521854,
      "rmsSagMm": 6.697745929613397,
      "sagReferenceBinThetaRad": 0.008726646259971648,
      "sagReferenceBinZmm": 0.3,
      "maxAspect3D": 456180.5940162861,
      "minAngleDeg": 0.00012871894246475118,
      "sliverCount": 14,
      "boundaryEdges": 17,
      "nonManifoldEdges": 0,
      "orientationMismatches": 3242,
      "featuresExpected": 24,
      "featuresPresent": 24,
      "featuresDropped": 0
    },
    {
      "styleId": "GothicArches",
      "triangleCount": 1763547,
      "vertexCount": 940708,
      "referenceTriangleCount": 8347832,
      "maxSagMm": 35.47949579059356,
      "rmsSagMm": 4.388224901043193,
      "sagReferenceBinThetaRad": 0.008726646259971648,
      "sagReferenceBinZmm": 0.3,
      "maxAspect3D": 126451.79592516426,
      "minAngleDeg": 0.0003924257979128086,
      "sliverCount": 87688,
      "boundaryEdges": 3060,
      "nonManifoldEdges": 28,
      "orientationMismatches": 8201,
      "featuresExpected": 1251,
      "featuresPresent": 1251,
      "featuresDropped": 0
    },
    {
      "styleId": "WaveInterference",
      "triangleCount": 568604,
      "vertexCount": 299001,
      "referenceTriangleCount": 6273284,
      "maxSagMm": 34.704223149659995,
      "rmsSagMm": 7.313649975661356,
      "sagReferenceBinThetaRad": 0.008726646259971648,
      "sagReferenceBinZmm": 0.3,
      "maxAspect3D": 515093.9795001994,
      "minAngleDeg": 0.00009633654352207051,
      "sliverCount": 2892,
      "boundaryEdges": 22,
      "nonManifoldEdges": 0,
      "orientationMismatches": 2867,
      "featuresExpected": 98,
      "featuresPresent": 98,
      "featuresDropped": 0
    },
    {
      "styleId": "Crystalline",
      "triangleCount": 589624,
      "vertexCount": 311906,
      "referenceTriangleCount": 6664280,
      "maxSagMm": 42.12275959068543,
      "rmsSagMm": 6.138047910760696,
      "sagReferenceBinThetaRad": 0.008726646259971648,
      "sagReferenceBinZmm": 0.3,
      "maxAspect3D": 1266.23650098832,
      "minAngleDeg": 0.03936471579712498,
      "sliverCount": 161,
      "boundaryEdges": 30,
      "nonManifoldEdges": 0,
      "orientationMismatches": 3241,
      "featuresExpected": 112,
      "featuresPresent": 112,
      "featuresDropped": 0
    },
    {
      "styleId": "ArtDeco",
      "triangleCount": 547884,
      "vertexCount": 285341,
      "referenceTriangleCount": 6090176,
      "maxSagMm": 34.67893438695733,
      "rmsSagMm": 7.226555388164455,
      "sagReferenceBinThetaRad": 0.008726646259971648,
      "sagReferenceBinZmm": 0.3,
      "maxAspect3D": 8931.295176387317,
      "minAngleDeg": 0.006191856505226816,
      "sliverCount": 310,
      "boundaryEdges": 20,
      "nonManifoldEdges": 0,
      "orientationMismatches": 3045,
      "featuresExpected": 121,
      "featuresPresent": 121,
      "featuresDropped": 0
    },
    {
      "styleId": "DragonScales",
      "triangleCount": 563486,
      "vertexCount": 293717,
      "referenceTriangleCount": 6673076,
      "maxSagMm": 37.1419797771716,
      "rmsSagMm": 6.285622289511474,
      "sagReferenceBinThetaRad": 0.008726646259971648,
      "sagReferenceBinZmm": 0.3,
      "maxAspect3D": 2336.2422184088923,
      "minAngleDeg": 0.021241267952694817,
      "sliverCount": 253,
      "boundaryEdges": 30,
      "nonManifoldEdges": 0,
      "orientationMismatches": 2952,
      "featuresExpected": 68,
      "featuresPresent": 68,
      "featuresDropped": 0
    },
    {
      "styleId": "BambooSegments",
      "triangleCount": 512564,
      "vertexCount": 263389,
      "referenceTriangleCount": 6073532,
      "maxSagMm": 41.37870996714888,
      "rmsSagMm": 7.854236968647638,
      "sagReferenceBinThetaRad": 0.008726646259971648,
      "sagReferenceBinZmm": 0.3,
      "maxAspect3D": 68335.82634393428,
      "minAngleDeg": 0.0007285386147492061,
      "sliverCount": 42,
      "boundaryEdges": 10,
      "nonManifoldEdges": 0,
      "orientationMismatches": 3119,
      "featuresExpected": 24,
      "featuresPresent": 24,
      "featuresDropped": 0
    },
    {
      "styleId": "RippleInterference",
      "triangleCount": 522198,
      "vertexCount": 269112,
      "referenceTriangleCount": 6402584,
      "maxSagMm": 35.52039728419903,
      "rmsSagMm": 7.717763140902255,
      "sagReferenceBinThetaRad": 0.008726646259971648,
      "sagReferenceBinZmm": 0.3,
      "maxAspect3D": 174178.45767693297,
      "minAngleDeg": 0.00028512333041560083,
      "sliverCount": 1114,
      "boundaryEdges": 10,
      "nonManifoldEdges": 0,
      "orientationMismatches": 3305,
      "featuresExpected": 106,
      "featuresPresent": 106,
      "featuresDropped": 0
    }
  ],