{
  "generatedAt": "2026-05-29T20:59:21.741Z",
  "budget": 500000,
  "referenceBudget": 8000000,
  "refDimensions": {
    "H": 120,
    "Rt": 70,
    "Rb": 45
  },
  "rows": [
    {
      "styleId": "SuperformulaBlossom",
      "triangleCount": 497515,
      "vertexCount": 253843,
      "referenceTriangleCount": 6652964,
      "maxSagMm": 62.09937262591475,
      "rmsSagMm": 8.172229724574729,
      "sagReferenceBinThetaRad": 0.008726646259971648,
      "sagReferenceBinZmm": 0.3,
      "maxAspect3D": 1975.9151815778453,
      "minAngleDeg": 0.027135926473193985,
      "sliverCount": 9,
      "boundaryEdges": 3,
      "nonManifoldEdges": 0,
      "orientationMismatches": 3243,
      "featuresExpected": 0,
      "featuresPresent": 0,
      "featuresDropped": 0
    },
    {
      "styleId": "FourierBloom",
      "triangleCount": 528359,
      "vertexCount": 271841,
      "referenceTriangleCount": 6507500,
      "maxSagMm": 69.66459508563858,
      "rmsSagMm": 8.077598036747482,
      "sagReferenceBinThetaRad": 0.008726646259971648,
      "sagReferenceBinZmm": 0.3,
      "maxAspect3D": 337993.841179828,
      "minAngleDeg": 0.00015453067146285187,
      "sliverCount": 1203,
      "boundaryEdges": 476,
      "nonManifoldEdges": 7,
      "orientationMismatches": 4993,
      "featuresExpected": 29,
      "featuresPresent": 29,
      "featuresDropped": 0
    },
    {
      "styleId": "SpiralRidges",
      "triangleCount": 696198,
      "vertexCount": 354585,
      "referenceTriangleCount": 6630572,
      "maxSagMm": 45.81576788984671,
      "rmsSagMm": 7.112867582644583,
      "sagReferenceBinThetaRad": 0.008726646259971648,
      "sagReferenceBinZmm": 0.3,
      "maxAspect3D": 41109.67800029012,
      "minAngleDeg": 0.0012085186319564082,
      "sliverCount": 41782,
      "boundaryEdges": 1095,
      "nonManifoldEdges": 34,
      "orientationMismatches": 8114,
      "featuresExpected": 91,
      "featuresPresent": 91,
      "featuresDropped": 0
    },
    {
      "styleId": "SuperellipseMorph",
      "triangleCount": 517969,
      "vertexCount": 266041,
      "referenceTriangleCount": 5976488,
      "maxSagMm": 68.42855080359442,
      "rmsSagMm": 7.9663663500648285,
      "sagReferenceBinThetaRad": 0.008726646259971648,
      "sagReferenceBinZmm": 0.3,
      "maxAspect3D": 128979.76089498565,
      "minAngleDeg": 0.00038555608699703865,
      "sliverCount": 664,
      "boundaryEdges": 11,
      "nonManifoldEdges": 0,
      "orientationMismatches": 3344,
      "featuresExpected": 16,
      "featuresPresent": 16,
      "featuresDropped": 0
    },
    {
      "styleId": "HarmonicRipple",
      "triangleCount": 725235,
      "vertexCount": 374276,
      "referenceTriangleCount": 6615824,
      "maxSagMm": 74.54706263933161,
      "rmsSagMm": 6.973851001711566,
      "sagReferenceBinThetaRad": 0.008726646259971648,
      "sagReferenceBinZmm": 0.3,
      "maxAspect3D": 555798.3049880621,
      "minAngleDeg": 0.0001785469128456929,
      "sliverCount": 44187,
      "boundaryEdges": 2012,
      "nonManifoldEdges": 14,
      "orientationMismatches": 19837,
      "featuresExpected": 84,
      "featuresPresent": 84,
      "featuresDropped": 0
    },
    {
      "styleId": "LowPolyFacet",
      "triangleCount": 506219,
      "vertexCount": 262060,
      "referenceTriangleCount": 2063636,
      "maxSagMm": 53.87376805473936,
      "rmsSagMm": 6.995288289345714,
      "sagReferenceBinThetaRad": 0.008726646259971648,
      "sagReferenceBinZmm": 0.3,
      "maxAspect3D": 13803206.865836535,
      "minAngleDeg": 0.000004094554566467037,
      "sliverCount": 1278,
      "boundaryEdges": 64,
      "nonManifoldEdges": 1,
      "orientationMismatches": 3786,
      "featuresExpected": 24,
      "featuresPresent": 24,
      "featuresDropped": 0
    }
  ],
  "failures": [
    {
      "styleId": "GothicArches",
      "error": "page.evaluate: Test ended."
    },
    {
      "styleId": "WaveInterference",
      "error": "page.evaluate: Target page, context or browser has been closed"
    },
    {
      "styleId": "Crystalline",
      "error": "page.evaluate: Target page, context or browser has been closed"
    },
    {
      "styleId": "ArtDeco",
      "error": "page.evaluate: Target page, context or browser has been closed"
    },
    {
      "styleId": "DragonScales",
      "error": "page.evaluate: Target page, context or browser has been closed"
    },
    {
      "styleId": "BambooSegments",
      "error": "page.evaluate: Target page, context or browser has been closed"
    },
    {
      "styleId": "RippleInterference",
      "error": "page.evaluate: Target page, context or browser has been closed"
    },
    {
      "styleId": "GyroidManifold",
      "error": "page.evaluate: Target page, context or browser has been closed"
    },
    {
      "styleId": "Voronoi",
      "error": "page.evaluate: Target page, context or browser has been closed"
    },
    {
      "styleId": "BasketWeave",
      "error": "page.evaluate: Target page, context or browser has been closed"
    },
    {
      "styleId": "GeometricStar",
      "error": "page.evaluate: Target page, context or browser has been closed"
    },
    {
      "styleId": "HexagonalHive",
      "error": "page.evaluate: Target page, context or browser has been closed"
    },
    {
      "styleId": "CelticKnot",
      "error": "page.evaluate: Target page, context or browser has been closed"
    },
    {
      "styleId": "CelticTriquetra",
      "error": "page.evaluate: Target page, context or browser has been closed"
    }
  ]
}