{"off_count": 2, "on_count": 32, "min_off": [[0.0, 9.999999999999998], [1.4285714285714286, 49.9024093829703], [2.857142857142857, 49.953777514078475], [3.0, 9.999999999999998], [4.285714285714286, 50.01424919071288], [4.392857142857142, 47.019206089674206], [5.714285714285714, 50.08365331054545], [5.785714285714286, 47.087148287318364], [7.142857142857143, 50.1602872183318], [7.178571428571429, 47.162312255208285], [8.571428571428571, 47.24602687175279], [9.964285714285714, 47.33808396990142], [10.0, 50.340555084505645], [11.357142857142858, 47.43887681617162], [11.428571428571429, 50.44429273380498], [12.75, 47.54876032204219], [12.857142857142858, 50.55773279187946], [14.142857142857142, 47.66813786746878], [14.285714285714286, 50.68087004624506], [15.535714285714285, 47.79734137882288], [15.714285714285715, 50.81461550521824], [16.928571428571427, 47.93697291270131], [17.142857142857142, 50.9599746559192], [18.32142857142857, 48.0797064884869], [18.571428571428573, 51.08413281216516], [19.714285714285715, 48.128879488750734], [20.0, 51.146381107864634], [21.107142857142858, 48.238296488045556], [21.42857142857143, 51.27222103795523], [22.5, 48.40922362966977], [22.857142857142858, 51.46318691580358], [23.892857142857142, 48.64370732112016], [24.285714285714285, 51.7217203535606], [25.285714285714285, 48.944736291775826], [25.714285714285715, 52.05134697426066], [26.678571428571427, 49.24234518197704], [27.142857142857142, 52.32043569797659], [28.07142857142857, 49.480949466364926], [28.571428571428573, 52.57005004735844], [29.46428571428571, 49.733907286594274], [30.0, 52.83489747549779], [30.857142857142854, 50.001070373201905], [31.42857142857143, 53.11503754502099], [32.25, 50.28315280292412], [32.85714285714286, 53.41088068049948], [33.64285714285714, 50.580230057066345], [34.285714285714285, 53.722416923329256], [35.035714285714285, 50.892386030734315], [35.714285714285715, 54.050003116776736], [36.42857142857143, 51.22121436588165], [37.142857142857146, 54.39355159818709], [37.82142857142857, 51.562338723267985], [38.57142857142857, 54.75331648151986], [39.214285714285715, 51.920036287757085], [40.0, 55.13178097580804], [40.607142857142854, 52.29777647290701], [41.42857142857143, 55.51950942798567], [42.0, 52.68006180096997], [42.85714285714286, 55.92583807106856], [43.39285714285714, 53.081734859764424], [44.285714285714285, 56.34708365581995], [44.785714285714285, 53.497313232711285], [45.714285714285715, 56.78182349600859], [46.17857142857142, 53.92624363112492], [47.142857142857146, 57.230639247389306], [47.57142857142857, 54.36782343566085], [48.57142857142857, 57.692249607812734], [48.964285714285715, 54.82131855447981], [50.0, 58.16607632949621], [50.357142857142854, 55.28595002703588], [51.42857142857143, 58.650169124545585], [51.75, 55.76053052875579], [52.85714285714286, 59.09384334482842], [53.14285714285714, 56.15921842105203], [54.285714285714285, 59.45375907169503], [54.535714285714285, 56.5252471241571], [55.714285714285715, 59.89679344568696], [55.92857142857142, 56.97055558388352], [57.142857142857146, 60.42586753395651], [57.32142857142857, 57.4983300502953], [58.57142857142857, 61.047509543330364], [58.71428571428571, 58.11515206982449], [60.0, 61.71875398922753], [60.107142857142854, 58.7576194334661], [61.42857142857143, 62.24341421444621], [61.5, 59.26975887531467], [62.85714285714286, 62.76924998245984], [62.89285714285714, 59.78228845686218], [64.28571428571428, 60.30032549360292], [64.28571428571429, 63.30032549360292], [65.67857142857142, 60.80194426618861], [65.71428571428572, 63.81493810729936], [67.07142857142857, 61.30656067615552], [67.14285714285714, 64.33235823799711], [68.46428571428571, 61.80597687365011], [68.57142857142857, 64.84393110271074], [69.85714285714286, 62.29855453770264], [70.0, 65.3489677284881], [71.25, 62.783652531844055], [71.42857142857143, 65.8452904342205], [72.64285714285714, 63.25988105637976], [72.85714285714286, 66.33231128476729], [74.03571428571428, 63.72635081692248], [74.28571428571429, 66.80907478723995], [75.42857142857143, 64.18208708627674], [75.71428571428572, 67.27418750826297], [76.82142857142857, 64.62626435367046], [77.14285714285714, 67.72705565640346], [78.21428571428571, 64.91636034716124], [78.57142857142857, 67.97374987933618], [79.60714285714285, 65.18225192264094], [80.0, 68.27697726284411], [81.0, 65.55517428901553], [81.42857142857143, 68.69035098798471], [82.39285714285714, 66.02905025082731], [82.85714285714286, 69.20923113990143], [83.78571428571428, 66.60351897845734], [84.28571428571429, 69.78290959780993], [85.17857142857143, 67.01374215658488], [85.71428571428572, 70.149287253535], [86.57142857142857, 67.3616099910306], [87.14285714285714, 70.50109505968685], [87.96428571428571, 67.69473303514783], [88.57142857142857, 70.83527546112175], [89.35714285714285, 68.01301968340096], [90.0, 71.1646855023839], [90.75, 68.31721298853874], [91.42857142857143, 71.45920933626347], [92.14285714285714, 68.60548636823059], [92.85714285714286, 71.7481091235407], [93.53571428571428, 68.87996461731733], [94.28571428571429, 72.02190716527099], [94.92857142857143, 69.14422560747732], [95.71428571428572, 72.28084900698038], [96.32142857142857, 69.38708950224704], [97.14285714285714, 72.52568893029348], [97.71428571428571, 69.61951405830172], [98.57142857142857, 72.75584664405918], [99.10714285714285, 69.83872858841109], [100.0, 72.9726080316139], [100.5, 70.04547493774912], [101.42857142857143, 73.17609122054479], [101.89285714285714, 70.23942255692045], [102.85714285714286, 73.36679482042373], [103.28571428571428, 70.42175391193864], [104.28571428571429, 73.54504229517327], [104.67857142857143, 70.5921384964269], [105.71428571428572, 73.71143241177005], [106.07142857142857, 70.75242461371079], [107.14285714285714, 73.86643439458513], [107.46428571428571, 70.89978655965032], [108.57142857142857, 73.94185079595975], [108.85714285714285, 70.9145378331055], [110.0, 73.85130013252457], [110.25, 70.84729009415261], [111.42857142857143, 73.87683143111143], [111.64285714285714, 70.89100837581879], [112.85714285714286, 74.02579339036032], [113.03571428571428, 71.05383929710754], [114.28571428571429, 74.31614739922588], [114.42857142857142, 71.35409844820009], [115.71428571428572, 74.5842873456296], [115.82142857142857, 71.59099353568159], [117.14285714285714, 74.67227838562108], [117.21428571428571, 71.676466274647], [118.57142857142857, 74.75312940512472], [118.60714285714285, 71.7551238538691], [120.0, 71.84326848044319]],